name,utc,jd,ill
OR_ABI-INST-CAL-LUN-M3C05_G16_s20170670619289_e20170670619289_c20170670619436-t0-s1.nc,2017-03-08 06:19:28.942271+00:00,2457820.76,80.01935
OR_ABI-INST-CAL-LUN-M3C03_G16_s20170670621289_e20170670621289_c20170670621435-t0-s0.nc,2017-03-08 06:21:28.942945+00:00,2457820.76,80.01935
OR_ABI-INST-CAL-LUN-M3C05_G16_s20171261407281_e20171261407281_c20171261407460-t0-s1.nc,2017-05-06 14:07:28.114110+00:00,2457880.09,83.12998
OR_ABI-INST-CAL-LUN-M3C05_G16_s20171261408281_e20171261408281_c20171261408434-t0-s1.nc,2017-05-06 14:08:28.114349+00:00,2457880.09,83.12998
OR_ABI-INST-CAL-LUN-M3C05_G16_s20171261411581_e20171261411581_c20171261412123-t0-s1.nc,2017-05-06 14:11:58.114281+00:00,2457880.09,83.12998
OR_ABI-INST-CAL-LUN-M3C03_G16_s20171261415281_e20171261415281_c20171261415434-t0-s1.nc,2017-05-06 14:15:28.112411+00:00,2457880.09,83.12998
OR_ABI-INST-CAL-LUN-M3C01_G16_s20171261415581_e20171261415581_c20171261416157-t0-s1.nc,2017-05-06 14:15:58.111629+00:00,2457880.09,83.12998
OR_ABI-INST-CAL-LUN-M3C05_G16_s20171271621580_e20171271621580_c20171271622124-t0-s0.nc,2017-05-07 16:21:58.040089+00:00,2457881.18,90.32426
OR_ABI-INST-CAL-LUN-M3C05_G16_s20171271624280_e20171271624280_c20171271624436-t0-s0.nc,2017-05-07 16:24:28.039826+00:00,2457881.18,90.32426
OR_ABI-INST-CAL-LUN-M3C01_G16_s20171271625580_e20171271625580_c20171271626163-t0-s1.nc,2017-05-07 16:25:58.039311+00:00,2457881.18,90.32426
OR_ABI-INST-CAL-LUN-M3C01_G16_s20171561428268_e20171561428268_c20171561428432-t0-s0.nc,2017-06-05 14:28:26.887073+00:00,2457910.1,86.25956
OR_ABI-INST-CAL-LUN-M3C01_G16_s20171561439268_e20171561439268_c20171561439433-t0-s0.nc,2017-06-05 14:39:26.889062+00:00,2457910.11,86.3087
OR_ABI-INST-CAL-LUN-M3C01_G16_s20171561442268_e20171561442268_c20171561442427-t0-s0.nc,2017-06-05 14:42:26.888296+00:00,2457910.11,86.3087
OR_ABI-INST-CAL-LUN-M3C01_G16_s20171561443268_e20171561443268_c20171561443431-t0-s0.nc,2017-06-05 14:43:26.888643+00:00,2457910.11,86.3087
OR_ABI-INST-CAL-LUN-M3C05_G16_s20171942213568_e20171942213568_c20171942214120-t0-s0.nc,2017-07-13 22:13:56.881739+00:00,2457948.43,79.7206
OR_ABI-INST-CAL-LUN-M3C03_G16_s20171942213568_e20171942213568_c20171942214124-t0-s0.nc,2017-07-13 22:13:56.881739+00:00,2457948.43,79.7206
OR_ABI-INST-CAL-LUN-M3C05_G16_s20171942215568_e20171942215568_c20171942216125-t0-s0.nc,2017-07-13 22:15:56.882339+00:00,2457948.43,79.7206
OR_ABI-INST-CAL-LUN-M3C03_G16_s20171942217568_e20171942218568_c20171942219163-t1-s0.nc,2017-07-13 22:17:56.882940+00:00,2457948.43,79.7206
OR_ABI-INST-CAL-LUN-M3C03_G16_s20171942219568_e20171942219568_c20171942220127-t0-s0.nc,2017-07-13 22:19:56.881736+00:00,2457948.43,79.7206
OR_ABI-INST-CAL-LUN-M3C05_G16_s20171942221568_e20171942221568_c20171942222125-t0-s0.nc,2017-07-13 22:21:56.882336+00:00,2457948.43,79.7206
OR_ABI-INST-CAL-LUN-M3C05_G16_s20172221940562_e20172221940562_c20172221941106-t0-s0.nc,2017-08-10 19:40:56.282716+00:00,2457976.32,90.63948
OR_ABI-INST-CAL-LUN-M3C05_G16_s20172221941562_e20172221941562_c20172221942097-t0-s0.nc,2017-08-10 19:41:56.282997+00:00,2457976.32,90.63948
OR_ABI-INST-CAL-LUN-M3C05_G16_s20172221943562_e20172221943562_c20172221944098-t0-s0.nc,2017-08-10 19:43:56.283555+00:00,2457976.32,90.63948
OR_ABI-INST-CAL-LUN-M3C03_G16_s20172221946562_e20172221946562_c20172221947161-t0-s0.nc,2017-08-10 19:46:56.282585+00:00,2457976.32,90.63948
OR_ABI-INST-CAL-LUN-M3C03_G16_s20172221950562_e20172221950562_c20172221951109-t0-s1.nc,2017-08-10 19:50:56.283681+00:00,2457976.33,90.59133
OR_ABI-INST-CAL-LUN-M3C01_G16_s20172232157562_e20172232157562_c20172232158133-t0-s1.nc,2017-08-11 21:57:56.210589+00:00,2457977.42,82.7796
OR_ABI-INST-CAL-LUN-M3C03_G16_s20172232159562_e20172232159562_c20172232200151-t0-s1.nc,2017-08-11 21:59:56.211130+00:00,2457977.42,82.7796
OR_ABI-INST-CAL-LUN-M3C03_G16_s20172232201562_e20172232201562_c20172232202107-t0-s1.nc,2017-08-11 22:01:56.213475+00:00,2457977.42,82.7796
OR_ABI-INST-CAL-LUN-M3C05_G16_s20172771740577_e20172771740577_c20172771741115-t0-s0.nc,2017-10-04 17:40:57.711068+00:00,2458031.24,98.39691
OR_ABI-INST-CAL-LUN-M3C03_G16_s20172791807282_e20172791807282_c20172791807437-t0-s1.nc,2017-10-06 18:07:28.266338+00:00,2458033.26,98.69481
OR_ABI-INST-CAL-LUN-M3C01_G16_s20173321243562_e20173321243562_c20173321244132-t0-s0.nc,2017-11-28 12:43:56.286299+00:00,2458086.03,67.7637
OR_ABI-INST-CAL-LUN-M3C03_G16_s20173321410562_e20173321410562_c20173321411112-t0-s0.nc,2017-11-28 14:10:56.293375+00:00,2458086.09,68.25224
OR_ABI-INST-CAL-LUN-M3C05_G16_s20173611111036_e20173611111036_c20173611111189-t0-s1.nc,2017-12-27 11:11:03.683699+00:00,2458114.97,61.02226
OR_ABI-INST-CAL-LUN-M3C03_G16_s20180331846046_e20180331846046_c20180331846188-t0-s1.nc,2018-02-02 18:46:04.658821+00:00,2458152.28,93.2381
OR_ABI-INST-CAL-LUN-M3C05_G16_s20180341923051_e20180341923051_c20180341923208-t0-s1.nc,2018-02-03 19:23:05.146082+00:00,2458153.31,86.18992
OR_ABI-INST-CAL-LUN-M3C03_G16_s20180342051051_e20180342051051_c20180342051207-t0-s1.nc,2018-02-03 20:51:05.178884+00:00,2458153.37,85.83456
OR_ABI-INST-CAL-LUN-M3C03_G16_s20180621757569_e20180621757569_c20180621758122-t0-s1.nc,2018-03-03 17:57:56.981637+00:00,2458181.25,96.15905
OR_ABI-INST-CAL-LUN-M3C05_G16_s20180621929570_e20180621929570_c20180621930124-t0-s1.nc,2018-03-03 19:29:57.005144+00:00,2458181.31,95.96376
OR_ABI-INST-CAL-LUN-M3C01_G16_s20181441228028_e20181441228028_c20181441228211-t0-s1.nc,2018-05-24 12:28:02.815559+00:00,2458263.02,74.86906
OR_ABI-INST-CAL-LUN-M3C01_G16_s20181471531041_e20181471531041_c20181471531218-t0-s0.nc,2018-05-27 15:31:04.104362+00:00,2458266.15,96.02598
OR_ABI-INST-CAL-LUN-M3C03_G16_s20181471531041_e20181471531041_c20181471531185-t0-s0.nc,2018-05-27 15:31:04.104362+00:00,2458266.15,96.02598
OR_ABI-INST-CAL-LUN-M3C01_G16_s20181741307041_e20181741307041_c20181741307254-t0-s0.nc,2018-06-23 13:07:04.141095+00:00,2458293.05,80.35134
OR_ABI-INST-CAL-LUN-M3C05_G16_s20181741352041_e20181741352041_c20181741352195-t0-s0.nc,2018-06-23 13:52:04.149268+00:00,2458293.08,80.52766
OR_ABI-INST-CAL-LUN-M3C03_G16_s20182111903594_e20182111903594_c20182111904170-t0-s1.nc,2018-07-30 19:03:59.447247+00:00,2458330.29,92.5707
OR_ABI-INST-CAL-LUN-M3C01_G16_s20182111903594_e20182111903594_c20182111904220-t0-s1.nc,2018-07-30 19:03:59.447247+00:00,2458330.29,92.5707
OR_ABI-INST-CAL-LUN-M3C03_G16_s20182132131005_e20182132131005_c20182132131147-t0-s0.nc,2018-08-01 21:31:00.521803+00:00,2458332.4,78.52802
OR_ABI-INST-CAL-LUN-M3C05_G16_s20182142044018_e20182142044018_c20182142044169-t0-s1.nc,2018-08-02 20:44:01.822936+00:00,2458333.36,69.91547
OR_ABI-INST-CAL-LUN-M3C03_G17_s20182402031407_e20182402031407_c20182402031526-t0-s0.nc,2018-08-28 20:31:40.729694+00:00,2458359.36,94.90069
OR_ABI-INST-CAL-LUN-M3C01_G17_s20182402033407_e20182402033407_c20182402033568-t0-s0.nc,2018-08-28 20:33:40.728508+00:00,2458359.36,94.90069
OR_ABI-INST-CAL-LUN-M3C05_G17_s20182412109270_e20182412109270_c20182412109401-t0-s1.nc,2018-08-29 21:09:27.046825+00:00,2458360.38,89.49858
OR_ABI-INST-CAL-LUN-M3C03_G16_s20182432038575_e20182432038575_c20182432039140-t0-s1.nc,2018-08-31 20:38:57.571768+00:00,2458362.36,73.88959
OR_ABI-INST-CAL-LUN-M3C05_G16_s20182931347565_e20182931347565_c20182931348122-t0-s0.nc,2018-10-20 13:47:56.573937+00:00,2458412.07,82.78794
OR_ABI-INST-CAL-LUN-M3C03_G17_s20182961619568_e20182961619568_c20182961620110-t0-s1.nc,2018-10-23 16:19:56.882341+00:00,2458415.18,98.5049
OR_ABI-INST-CAL-LUN-M3C01_G17_s20183221644508_e20183221644508_c20183221645146-t0-s0.nc,2018-11-18 16:44:50.885025+00:00,2458441.2,77.43875
OR_ABI-INST-CAL-LUN-M3C05_G17_s20183252001569_e20183252001569_c20183252002096-t0-s1.nc,2018-11-21 20:01:56.988824+00:00,2458444.33,97.09505
OR_ABI-INST-CAL-LUN-M3C01_G16_s20183511317542_e20183511317542_c20183511318134-t0-s1.nc,2018-12-17 13:17:54.278817+00:00,2458470.05,69.33803
OR_ABI-INST-CAL-LUN-M3C01_G16_s20183511317542_e20183511317542_c20183511318134-t0-s0.nc,2018-12-17 13:17:54.278817+00:00,2458470.05,69.33803
OR_ABI-INST-CAL-LUN-M3C01_G17_s20183511603569_e20183511603569_c20183511604132-t0-s1.nc,2018-12-17 16:03:56.901551+00:00,2458470.17,70.33769
OR_ABI-INST-CAL-LUN-M3C03_G17_s20183521805569_e20183521805569_c20183521806104-t0-s1.nc,2018-12-18 18:05:56.920778+00:00,2458471.25,80.02362
OR_ABI-INST-CAL-LUN-M3C01_G17_s20190232339569_e20190232339569_c20190232340140-t0-s1.nc,2019-01-23 23:39:56.924685+00:00,2458507.49,89.05494
OR_ABI-INST-CAL-LUN-M3C05_G16_s20190252212540_e20190252212540_c20190252213088-t0-s1.nc,2019-01-25 22:12:54.048987+00:00,2458509.43,71.20792
OR_ABI-INST-CAL-LUN-M3C03_G17_s20190260056569_e20190260056569_c20190260057088-t0-s1.nc,2019-01-26 00:56:56.927463+00:00,2458509.54,70.17839
OR_ABI-INST-CAL-LUN-M3C05_G16_s20190542130517_e20190542130517_c20190542131065-t0-s0.nc,2019-02-23 21:30:51.718330+00:00,2458538.4,76.47728
OR_ABI-INST-CAL-LUN-M3C01_G17_s20190550041568_e20190550041568_c20190550042111-t0-s0.nc,2019-02-24 00:41:56.883932+00:00,2458538.53,75.37499
OR_ABI-INST-CAL-LUN-M6C01_G17_s20210620054555_e20210620054555_c20210620055071-t0-s0.nc,2021-03-03 00:54:55.543748+00:00,2459276.54,82.5014
OR_ABI-INST-CAL-LUN-M6C05_G16_s20210881721542_e20210881721542_c20210881722039-t0-s1.nc,2021-03-29 17:21:54.217314+00:00,2459303.22,98.64998
OR_ABI-INST-CAL-LUN-M6C05_G17_s20211411734555_e20211411734555_c20211411735046-t0-s1.nc,2021-05-21 17:34:55.554396+00:00,2459356.23,70.41259
OR_ABI-INST-CAL-LUN-M6C05_G16_s20211441513543_e20211441513543_c20211441514037-t0-s1.nc,2021-05-24 15:13:54.371901+00:00,2459359.13,94.82735
OR_ABI-INST-CAL-LUN-M6C01_G16_s20211441513543_e20211441513543_c20211441514095-t0-s1.nc,2021-05-24 15:13:54.371901+00:00,2459359.13,94.82735
OR_ABI-INST-CAL-LUN-M6C03_G16_s20211701129553_e20211701129553_c20211701130139-t0-s0.nc,2021-06-19 11:29:55.370445+00:00,2459384.98,64.68419
OR_ABI-INST-CAL-LUN-M6C05_G16_s20211701130553_e20211701130553_c20211701131049-t0-s1.nc,2021-06-19 11:30:55.370823+00:00,2459384.98,64.68419
OR_ABI-INST-CAL-LUN-M6C03_G16_s20211701130553_e20211701130553_c20211701131045-t0-s0.nc,2021-06-19 11:30:55.370823+00:00,2459384.98,64.68419
OR_ABI-INST-CAL-LUN-M6C01_G16_s20211701130553_e20211701130553_c20211701131097-t0-s0.nc,2021-06-19 11:30:55.370823+00:00,2459384.98,64.68419
OR_ABI-INST-CAL-LUN-M6C01_G16_s20211701130553_e20211701130553_c20211701131097-t0-s1.nc,2021-06-19 11:30:55.370823+00:00,2459384.98,64.68419
OR_ABI-INST-CAL-LUN-M6C01_G16_s20211701257553_e20211701257553_c20211701258099-t0-s0.nc,2021-06-19 12:57:55.377766+00:00,2459385.04,65.18453
OR_ABI-INST-CAL-LUN-M6C05_G16_s20211701257553_e20211701257553_c20211701258048-t0-s0.nc,2021-06-19 12:57:55.377766+00:00,2459385.04,65.18453
OR_ABI-INST-CAL-LUN-M6C01_G16_s20211701258553_e20211701258553_c20211701259097-t0-s1.nc,2021-06-19 12:58:55.378170+00:00,2459385.04,65.18453
OR_ABI-INST-CAL-LUN-M6C01_G16_s20211701258553_e20211701258553_c20211701259097-t0-s0.nc,2021-06-19 12:58:55.378170+00:00,2459385.04,65.18453
OR_ABI-INST-CAL-LUN-M6C05_G17_s20211701548555_e20211701548555_c20211701549036-t0-s0.nc,2021-06-19 15:48:55.555209+00:00,2459385.16,66.35983
OR_ABI-INST-CAL-LUN-M6C05_G17_s20211711659493_e20211711659493_c20211711659581-t0-s0.nc,2021-06-20 16:59:49.392119+00:00,2459386.21,77.30397
OR_ABI-INST-CAL-LUN-M6C05_G17_s20211711739493_e20211711739493_c20211711739581-t0-s0.nc,2021-06-20 17:39:49.399391+00:00,2459386.24,77.61368
OR_ABI-INST-CAL-LUN-M6C03_G16_s20212092144570_e20212092145026_c20212092145094-t0-s0.nc,2021-07-28 21:44:57.062566+00:00,2459424.41,75.38014
OR_ABI-INST-CAL-LUN-M6C05_G17_s20212100032555_e20212100033011_c20212100033067-t0-s1.nc,2021-07-29 00:32:55.577859+00:00,2459424.52,74.51816
OR_ABI-INST-CAL-LUN-M6C03_G17_s20212352249493_e20212352249549_c20212352249599-t0-s0.nc,2021-08-23 22:49:49.394363+00:00,2459450.45,97.58455
OR_ABI-INST-CAL-LUN-M6C03_G16_s20212392103549_e20212392104005_c20212392104079-t0-s1.nc,2021-08-27 21:03:54.963827+00:00,2459454.38,72.76362
OR_ABI-INST-CAL-LUN-M6C03_G16_s20213171252548_e20213171253004_c20213171253094-t0-s0.nc,2021-11-13 12:52:54.889937+00:00,2459532.04,70.1152
OR_ABI-INST-CAL-LUN-M6C01_G17_s20213171641555_e20213171642011_c20213171642073-t0-s0.nc,2021-11-13 16:41:55.550881+00:00,2459532.2,71.50081
OR_ABI-INST-CAL-LUN-M6C05_G17_s20213171721555_e20213171722011_c20213171722060-t0-s0.nc,2021-11-13 17:21:55.552410+00:00,2459532.22,71.70355
OR_ABI-INST-CAL-LUN-M6C03_G16_s20213211531550_e20213211532006_c20213211532087-t0-s1.nc,2021-11-17 15:31:55.077062+00:00,2459536.15,97.12724
OR_ABI-INST-CAL-LUN-M6C01_G16_s20213211531550_e20213211532006_c20213211532110-t0-s1.nc,2021-11-17 15:31:55.077062+00:00,2459536.15,97.12724
OR_ABI-INST-CAL-LUN-M6C01_G16_s20213481318550_e20213481319005_c20213481319096-t0-s1.nc,2021-12-14 13:18:55.028687+00:00,2459563.05,81.65109
OR_ABI-INST-CAL-LUN-M6C01_G16_s20213481346550_e20213481347005_c20213481347109-t0-s0.nc,2021-12-14 13:46:55.029893+00:00,2459563.07,81.75781
OR_ABI-INST-CAL-LUN-M6C03_G16_s20213481346550_e20213481347005_c20213481347087-t0-s1.nc,2021-12-14 13:46:55.029893+00:00,2459563.07,81.75781
OR_ABI-INST-CAL-LUN-M6C05_G16_s20213592146549_e20213592147004_c20213592147085-t0-s1.nc,2021-12-25 21:46:54.907410+00:00,2459574.41,62.67779
OR_ABI-INST-CAL-LUN-M6C05_G16_s20213592240549_e20213592241004_c20213592241079-t0-s0.nc,2021-12-25 22:40:54.907338+00:00,2459574.45,62.36894
OR_ABI-INST-CAL-LUN-M6C01_G16_s20213592240549_e20213592241004_c20213592241095-t0-s1.nc,2021-12-25 22:40:54.907338+00:00,2459574.45,62.36894
OR_ABI-INST-CAL-LUN-M6C03_G17_s20213600158556_e20213600159012_c20213600159066-t0-s1.nc,2021-12-26 01:58:55.695189+00:00,2459574.58,61.16455
OR_ABI-INST-CAL-LUN-M6C03_G17_s20213600159495_e20213600159550_c20213600200002-t0-s0.nc,2021-12-26 01:59:49.521288+00:00,2459574.58,61.16455
OR_ABI-INST-CAL-LUN-M6C03_G17_s20213600300594_e20213600301050_c20213600301102-t0-s1.nc,2021-12-26 03:00:59.464748+00:00,2459574.63,60.61017
OR_ABI-INST-CAL-LUN-M6C05_G17_s20213600300594_e20213600301050_c20213600301100-t0-s1.nc,2021-12-26 03:00:59.464750+00:00,2459574.63,60.61017
OR_ABI-INST-CAL-LUN-M6C05_G16_s20220211958555_e20220211959010_c20220211959089-t0-s1.nc,2022-01-21 19:58:55.502645+00:00,2459601.33,85.95974
OR_ABI-INST-CAL-LUN-M6C05_G16_s20220212027555_e20220212028010_c20220212028085-t0-s1.nc,2022-01-21 20:27:55.502724+00:00,2459601.35,85.85254
OR_ABI-INST-CAL-LUN-M6C05_G16_s20220222017549_e20220222018004_c20220222018077-t0-s0.nc,2022-01-22 20:17:54.908036+00:00,2459602.35,77.83597
OR_ABI-INST-CAL-LUN-M6C05_G17_s20220230030593_e20220230031049_c20220230031105-t0-s1.nc,2022-01-23 00:30:59.368111+00:00,2459602.52,76.55246
OR_ABI-INST-CAL-LUN-M6C01_G16_s20220481810554_e20220481811009_c20220481811111-t0-s1.nc,2022-02-17 18:10:55.423501+00:00,2459628.26,98.72877
OR_ABI-INST-CAL-LUN-M6C05_G16_s20220481810554_e20220481811009_c20220481811084-t0-s1.nc,2022-02-17 18:10:55.423501+00:00,2459628.26,98.72877
OR_ABI-INST-CAL-LUN-M6C03_G17_s20220520008555_e20220520009011_c20220520009070-t0-s0.nc,2022-02-21 00:08:55.555726+00:00,2459631.51,80.78306
OR_ABI-INST-CAL-LUN-M6C03_G16_s20220522111549_e20220522112005_c20220522112085-t0-s0.nc,2022-02-21 21:11:54.997903+00:00,2459632.38,72.52939
OR_ABI-INST-CAL-LUN-M6C03_G16_s20220522115549_e20220522116005_c20220522116080-t0-s0.nc,2022-02-21 21:15:54.999132+00:00,2459632.39,72.45687
OR_ABI-INST-CAL-LUN-M6C01_G16_s20220522115549_e20220522116005_c20220522116100-t0-s0.nc,2022-02-21 21:15:54.999132+00:00,2459632.39,72.45687
OR_ABI-INST-CAL-LUN-M6C03_G16_s20221031440551_e20221031441006_c20221031441086-t0-s1.nc,2022-04-13 14:40:55.139063+00:00,2459683.11,87.89391
OR_ABI-INST-CAL-LUN-M6C05_G16_s20221031440551_e20221031441006_c20221031441083-t0-s1.nc,2022-04-13 14:40:55.139063+00:00,2459683.11,87.89391
OR_ABI-INST-CAL-LUN-M6C01_G16_s20221311247552_e20221311248007_c20221311248101-t0-s1.nc,2022-05-11 12:47:55.213500+00:00,2459711.03,74.44163
OR_ABI-INST-CAL-LUN-M6C03_G16_s20221311345552_e20221311346007_c20221311346075-t0-s1.nc,2022-05-11 13:45:55.215167+00:00,2459711.07,74.72425
OR_ABI-INST-CAL-LUN-M6C01_G17_s20221341952555_e20221341953011_c20221341953078-t0-s1.nc,2022-05-14 19:52:55.562106+00:00,2459714.33,97.32108
OR_ABI-INST-CAL-LUN-M6C05_G17_s20221341952555_e20221341953011_c20221341953070-t0-s1.nc,2022-05-14 19:52:55.562108+00:00,2459714.33,97.32108
OR_ABI-INST-CAL-LUN-M6C01_G17_s20221341954555_e20221341955011_c20221341955076-t0-s0.nc,2022-05-14 19:54:55.562855+00:00,2459714.33,97.32108
OR_ABI-INST-CAL-LUN-M6C01_G17_s20221341955555_e20221341956011_c20221341956078-t0-s0.nc,2022-05-14 19:55:55.561427+00:00,2459714.33,97.32108
OR_ABI-INST-CAL-LUN-M6C05_G16_s20221601152560_e20221601153016_c20221601153087-t0-s0.nc,2022-06-09 11:52:56.056715+00:00,2459740.0,69.3232
OR_ABI-INST-CAL-LUN-M6C05_G18_s20221751040550_e20221751041005_c20221751041065-t0-s1.nc,2022-06-24 10:40:55.018859+00:00,2459754.95,18.94264
OR_ABI-INST-CAL-LUN-M6C01_G18_s20221751040550_e20221751041005_c20221751041080-t0-s1.nc,2022-06-24 10:40:55.018859+00:00,2459754.95,18.94264
OR_ABI-INST-CAL-LUN-M6C01_G18_s20221800801549_e20221800802005_c20221800802091-t0-s1.nc,2022-06-29 08:01:54.996377+00:00,2459759.83,0.10406
OR_ABI-INST-CAL-LUN-M6C05_G18_s20221800801549_e20221800802005_c20221800802072-t0-s1.nc,2022-06-29 08:01:54.996379+00:00,2459759.83,0.10406
OR_ABI-INST-CAL-LUN-M6C01_G18_s20221871359552_e20221871400007_c20221871400171-t0-s1.nc,2022-07-06 13:59:55.203315+00:00,2459767.08,44.40087
OR_ABI-INST-CAL-LUN-M6C05_G18_s20221871359552_e20221871400007_c20221871400172-t0-s1.nc,2022-07-06 13:59:55.203315+00:00,2459767.08,44.40087
OR_ABI-INST-CAL-LUN-M6C01_G18_s20221871529552_e20221871530007_c20221871530157-t0-s1.nc,2022-07-06 15:29:55.214570+00:00,2459767.15,45.17398
OR_ABI-INST-CAL-LUN-M6C03_G18_s20221871529552_e20221871530007_c20221871530156-t0-s1.nc,2022-07-06 15:29:55.214570+00:00,2459767.15,45.17398
OR_ABI-INST-CAL-LUN-M6C03_G18_s20221871529552_e20221871530007_c20221871530156-t0-s0.nc,2022-07-06 15:29:55.214570+00:00,2459767.15,45.17398
OR_ABI-INST-CAL-LUN-M6C05_G18_s20221871529552_e20221871530007_c20221871530151-t0-s0.nc,2022-07-06 15:29:55.214571+00:00,2459767.15,45.17398
OR_ABI-INST-CAL-LUN-M6C03_G16_s20221982021555_e20221982022011_c20221982022082-t0-s0.nc,2022-07-17 20:21:55.558737+00:00,2459778.35,78.2492
OR_ABI-INST-CAL-LUN-M6C03_G16_s20221992055556_e20221992056011_c20221992056085-t0-s0.nc,2022-07-18 20:55:55.626384+00:00,2459779.37,68.30327
OR_ABI-INST-CAL-LUN-M6C01_G16_s20221992055556_e20221992056011_c20221992056105-t0-s0.nc,2022-07-18 20:55:55.626384+00:00,2459779.37,68.30327
OR_ABI-INST-CAL-LUN-M6C03_G16_s20221992056556_e20221992057011_c20221992057086-t0-s0.nc,2022-07-18 20:56:55.624927+00:00,2459779.37,68.30327
OR_ABI-INST-CAL-LUN-M6C05_G16_s20221992056556_e20221992057011_c20221992057088-t0-s1.nc,2022-07-18 20:56:55.624928+00:00,2459779.37,68.30327
OR_ABI-INST-CAL-LUN-M6C01_G16_s20221992225556_e20221992226011_c20221992226100-t0-s0.nc,2022-07-18 22:25:55.630571+00:00,2459779.43,67.84798
OR_ABI-INST-CAL-LUN-M6C05_G18_s20222270038550_e20222270039006_c20222270039075-t0-s0.nc,2022-08-15 00:38:55.083529+00:00,2459806.53,88.67075
OR_ABI-INST-CAL-LUN-M6C01_G16_s20222271934551_e20222271935007_c20222271935095-t0-s1.nc,2022-08-15 19:34:55.180088+00:00,2459807.32,82.43812
OR_ABI-INST-CAL-LUN-M6C01_G16_s20222271935551_e20222271936007_c20222271936097-t0-s0.nc,2022-08-15 19:35:55.180415+00:00,2459807.32,82.43812
OR_ABI-INST-CAL-LUN-M6C05_G16_s20222271935551_e20222271936007_c20222271936075-t0-s0.nc,2022-08-15 19:35:55.180416+00:00,2459807.32,82.43812
OR_ABI-INST-CAL-LUN-M6C03_G18_s20222272350552_e20222272351007_c20222272351061-t0-s1.nc,2022-08-15 23:50:55.216614+00:00,2459807.49,81.23773
OR_ABI-INST-CAL-LUN-M6C03_G18_s20222272351552_e20222272352007_c20222272352063-t0-s1.nc,2022-08-15 23:51:55.217005+00:00,2459807.49,81.23773
OR_ABI-INST-CAL-LUN-M6C01_G18_s20222290104553_e20222290105009_c20222290105070-t0-s1.nc,2022-08-17 01:04:55.361670+00:00,2459808.55,71.73
OR_ABI-INST-CAL-LUN-M6C03_G18_s20222290113553_e20222290114009_c20222290114062-t0-s1.nc,2022-08-17 01:13:55.361482+00:00,2459808.55,71.73
OR_ABI-INST-CAL-LUN-M6C05_G18_s20222552339252_e20222552339307_c20222552339377-t0-s1.nc,2022-09-12 23:39:25.208524+00:00,2459835.49,92.23399
OR_ABI-INST-CAL-LUN-M6C01_G18_s20222552340281_e20222552340336_c20222552340432-t0-s1.nc,2022-09-12 23:40:28.101376+00:00,2459835.49,92.23399
OR_ABI-INST-CAL-LUN-M6C03_G18_s20222552345252_e20222552345307_c20222552345381-t0-s1.nc,2022-09-12 23:45:25.209107+00:00,2459835.49,92.23399
OR_ABI-INST-CAL-LUN-M6C05_G18_s20222552348252_e20222552348307_c20222552348383-t0-s1.nc,2022-09-12 23:48:25.210299+00:00,2459835.49,92.23399
OR_ABI-INST-CAL-LUN-M6C03_G18_s20222552349252_e20222552349307_c20222552349374-t0-s1.nc,2022-09-12 23:49:25.208891+00:00,2459835.49,92.23399
OR_ABI-INST-CAL-LUN-M6C03_G16_s20222801451551_e20222801452006_c20222801452085-t0-s0.nc,2022-10-07 14:51:55.104055+00:00,2459860.12,93.33503
OR_ABI-INST-CAL-LUN-M6C05_G18_s20222801859543_e20222801859599_c20222801900099-t0-s0.nc,2022-10-07 18:59:54.361279+00:00,2459860.29,94.18629
OR_ABI-INST-CAL-LUN-M6C03_G17_s20222801900592_e20222801901048_c20222801901103-t0-s0.nc,2022-10-07 19:00:59.298315+00:00,2459860.29,94.18629
OR_ABI-INST-CAL-LUN-M6C03_G18_s20223071718551_e20223071719007_c20223071719099-t0-s0.nc,2022-11-03 17:18:55.186552+00:00,2459887.22,75.64181
OR_ABI-INST-CAL-LUN-M6C03_G17_s20223071719493_e20223071719549_c20223071719597-t0-s0.nc,2022-11-03 17:19:49.367130+00:00,2459887.22,75.64181
OR_ABI-INST-CAL-LUN-M6C01_G18_s20223071721551_e20223071722007_c20223071722113-t0-s0.nc,2022-11-03 17:21:55.187831+00:00,2459887.22,75.64181
OR_ABI-INST-CAL-LUN-M6C01_G17_s20223071722555_e20223071723011_c20223071723081-t0-s0.nc,2022-11-03 17:22:55.542529+00:00,2459887.22,75.64181
OR_ABI-INST-CAL-LUN-M6C03_G16_s20223361319552_e20223361320007_c20223361320077-t0-s0.nc,2022-12-02 13:19:55.236832+00:00,2459916.06,70.21192
OR_ABI-INST-CAL-LUN-M6C05_G16_s20223361319552_e20223361320007_c20223361320076-t0-s1.nc,2022-12-02 13:19:55.236832+00:00,2459916.06,70.21192
OR_ABI-INST-CAL-LUN-M6C05_G16_s20223381403553_e20223381404008_c20223381404075-t0-s1.nc,2022-12-04 14:03:55.339370+00:00,2459918.09,87.40089
OR_ABI-INST-CAL-LUN-M6C01_G16_s20223381404553_e20223381405009_c20223381405086-t0-s1.nc,2022-12-04 14:04:55.339738+00:00,2459918.09,87.40089
OR_ABI-INST-CAL-LUN-M6C01_G18_s20223381818258_e20223381818313_c20223381818404-t0-s1.nc,2022-12-04 18:18:25.816614+00:00,2459918.26,88.39994
OR_ABI-INST-CAL-LUN-M6C05_G18_s20223381819258_e20223381819313_c20223381819384-t0-s1.nc,2022-12-04 18:19:25.817039+00:00,2459918.26,88.39994
OR_ABI-INST-CAL-LUN-M6C05_G18_s20223381822258_e20223381822313_c20223381822387-t0-s1.nc,2022-12-04 18:22:25.816504+00:00,2459918.27,88.46877
OR_ABI-INST-CAL-LUN-M6C03_G17_s20223381822555_e20223381823011_c20223381823070-t0-s1.nc,2022-12-04 18:22:55.583786+00:00,2459918.27,88.46877
OR_ABI-INST-CAL-LUN-M6C03_G16_s20223641037551_e20223641038007_c20223641038104-t0-s0.nc,2022-12-30 10:37:55.171489+00:00,2459943.94,53.75862
OR_ABI-INST-CAL-LUN-M6C01_G16_s20223641037551_e20223641038007_c20223641038119-t0-s1.nc,2022-12-30 10:37:55.171489+00:00,2459943.94,53.75862
OR_ABI-INST-CAL-LUN-M6C03_G16_s20223641037551_e20223641038007_c20223641038104-t0-s1.nc,2022-12-30 10:37:55.171489+00:00,2459943.94,53.75862
OR_ABI-INST-CAL-LUN-M6C03_G16_s20223641038551_e20223641039007_c20223641039078-t0-s1.nc,2022-12-30 10:38:55.171848+00:00,2459943.94,53.75862
OR_ABI-INST-CAL-LUN-M6C05_G16_s20223641038551_e20223641039007_c20223641039079-t0-s0.nc,2022-12-30 10:38:55.171849+00:00,2459943.94,53.75862
OR_ABI-INST-CAL-LUN-M6C03_G16_s20223641201551_e20223641202007_c20223641202089-t0-s1.nc,2022-12-30 12:01:55.176941+00:00,2459944.0,54.23606
OR_ABI-INST-CAL-LUN-M6C05_G16_s20223641201551_e20223641202007_c20223641202089-t0-s1.nc,2022-12-30 12:01:55.176942+00:00,2459944.0,54.23606
OR_ABI-INST-CAL-LUN-M6C05_G16_s20223641202551_e20223641203007_c20223641203076-t0-s1.nc,2022-12-30 12:02:55.177314+00:00,2459944.0,54.23606
OR_ABI-INST-CAL-LUN-M6C03_G17_s20223641454555_e20223641455011_c20223641455097-t0-s1.nc,2022-12-30 14:54:55.574838+00:00,2459944.12,55.36818
OR_ABI-INST-CAL-LUN-M6C01_G17_s20223641454555_e20223641455011_c20223641455115-t0-s1.nc,2022-12-30 14:54:55.574838+00:00,2459944.12,55.36818
OR_ABI-INST-CAL-LUN-M6C05_G17_s20223641454555_e20223641455011_c20223641455098-t0-s1.nc,2022-12-30 14:54:55.574839+00:00,2459944.12,55.36818
OR_ABI-INST-CAL-LUN-M6C03_G17_s20223641455555_e20223641456011_c20223641456085-t0-s1.nc,2022-12-30 14:55:55.573454+00:00,2459944.12,55.36818
OR_ABI-INST-CAL-LUN-M6C01_G17_s20223641455555_e20223641456011_c20223641456102-t0-s1.nc,2022-12-30 14:55:55.573454+00:00,2459944.12,55.36818
OR_ABI-INST-CAL-LUN-M6C05_G17_s20223641455555_e20223641456011_c20223641456085-t0-s1.nc,2022-12-30 14:55:55.573454+00:00,2459944.12,55.36818
OR_ABI-INST-CAL-LUN-M6C03_G17_s20223641615555_e20223641616011_c20223641616087-t0-s0.nc,2022-12-30 16:15:55.585868+00:00,2459944.18,56.03884
OR_ABI-INST-CAL-LUN-M6C05_G17_s20223641615555_e20223641616011_c20223641616086-t0-s1.nc,2022-12-30 16:15:55.585870+00:00,2459944.18,56.03884
OR_ABI-INST-CAL-LUN-M6C03_G17_s20223641616555_e20223641617011_c20223641617088-t0-s0.nc,2022-12-30 16:16:55.584499+00:00,2459944.18,56.03884
OR_ABI-INST-CAL-LUN-M6C05_G17_s20223641616555_e20223641617011_c20223641617082-t0-s1.nc,2022-12-30 16:16:55.584499+00:00,2459944.18,56.03884
OR_ABI-INST-CAL-LUN-M6C03_G17_s20223641616555_e20223641617011_c20223641617088-t0-s1.nc,2022-12-30 16:16:55.584499+00:00,2459944.18,56.03884
OR_ABI-INST-CAL-LUN-M6C03_G16_s20223651142552_e20223651143007_c20223651143119-t0-s1.nc,2022-12-31 11:42:55.225882+00:00,2459944.99,64.55148
OR_ABI-INST-CAL-LUN-M6C01_G16_s20223651142552_e20223651143007_c20223651143119-t0-s1.nc,2022-12-31 11:42:55.225882+00:00,2459944.99,64.55148
OR_ABI-INST-CAL-LUN-M6C01_G16_s20223651143552_e20223651144007_c20223651144148-t0-s1.nc,2022-12-31 11:43:55.226250+00:00,2459944.99,64.55148
OR_ABI-INST-CAL-LUN-M6C05_G16_s20223651224552_e20223651225007_c20223651225082-t0-s1.nc,2022-12-31 12:24:55.228832+00:00,2459945.02,64.77046
OR_ABI-INST-CAL-LUN-M6C01_G16_s20223651225552_e20223651226007_c20223651226103-t0-s1.nc,2022-12-31 12:25:55.229202+00:00,2459945.02,64.77046
OR_ABI-INST-CAL-LUN-M6C05_G16_s20223651225552_e20223651226007_c20223651226075-t0-s1.nc,2022-12-31 12:25:55.229202+00:00,2459945.02,64.77046
OR_ABI-INST-CAL-LUN-M6C05_G18_s20223651607548_e20223651608004_c20223651608087-t0-s0.nc,2022-12-31 16:07:54.881307+00:00,2459945.17,66.07554
OR_ABI-INST-CAL-LUN-M6C01_G17_s20223651608553_e20223651609009_c20223651609102-t0-s1.nc,2022-12-31 16:08:55.366132+00:00,2459945.17,66.07554
OR_ABI-INST-CAL-LUN-M6C05_G17_s20223651608553_e20223651609009_c20223651609083-t0-s1.nc,2022-12-31 16:08:55.366134+00:00,2459945.17,66.07554
OR_ABI-INST-CAL-LUN-M6C03_G17_s20223651609491_e20223651609547_c20223651610095-t0-s0.nc,2022-12-31 16:09:49.190340+00:00,2459945.17,66.07554
OR_ABI-INST-CAL-LUN-M6C03_G18_s20223651629548_e20223651630004_c20223651630062-t0-s1.nc,2022-12-31 16:29:54.883437+00:00,2459945.19,66.28028
OR_ABI-INST-CAL-LUN-M6C05_G18_s20223651629548_e20223651630004_c20223651630066-t0-s1.nc,2022-12-31 16:29:54.883438+00:00,2459945.19,66.28028
OR_ABI-INST-CAL-LUN-M6C03_G16_s20230412010280_e20230412010336_c20230412010418-t0-s0.nc,2023-02-10 20:10:28.097146+00:00,2459986.34,77.79664
OR_ABI-INST-CAL-LUN-M6C05_G18_s20230682223253_e20230682223309_c20230682223376-t0-s0.nc,2023-03-09 22:23:25.393195+00:00,2460013.43,94.60054
OR_ABI-INST-CAL-LUN-M6C01_G16_s20230691914551_e20230691915006_c20230691915139-t0-s1.nc,2023-03-10 19:14:55.122743+00:00,2460014.3,89.79873
OR_ABI-INST-CAL-LUN-M6C03_G16_s20230691914551_e20230691915006_c20230691915092-t0-s1.nc,2023-03-10 19:14:55.122743+00:00,2460014.3,89.79873
OR_ABI-INST-CAL-LUN-M6C05_G16_s20230931507549_e20230931508005_c20230931508088-t0-s1.nc,2023-04-03 15:07:54.943483+00:00,2460038.13,93.45137
OR_ABI-INST-CAL-LUN-M6C03_G16_s20230931538549_e20230931539005_c20230931539082-t0-s1.nc,2023-04-03 15:38:54.945574+00:00,2460038.15,93.52601
OR_ABI-INST-CAL-LUN-M6C05_G18_s20230932000551_e20230932001007_c20230932001078-t0-s1.nc,2023-04-03 20:00:55.157233+00:00,2460038.33,94.32355
OR_ABI-INST-CAL-LUN-M6C05_G16_s20231201314549_e20231201315004_c20231201315073-t0-s1.nc,2023-04-30 13:14:54.916247+00:00,2460065.05,74.27087
OR_ABI-INST-CAL-LUN-M6C03_G16_s20231201315549_e20231201316004_c20231201316063-t0-s0.nc,2023-04-30 13:15:54.916592+00:00,2460065.05,74.27087
OR_ABI-INST-CAL-LUN-M6C03_G16_s20231201318549_e20231201319004_c20231201319086-t0-s0.nc,2023-04-30 13:18:54.915830+00:00,2460065.05,74.27087
OR_ABI-INST-CAL-LUN-M6C05_G16_s20231201318549_e20231201319004_c20231201319082-t0-s1.nc,2023-04-30 13:18:54.915832+00:00,2460065.05,74.27087
OR_ABI-INST-CAL-LUN-M6C03_G18_s20231231900555_e20231231901010_c20231231901098-t0-s0.nc,2023-05-03 19:00:55.528936+00:00,2460068.29,95.66392
OR_ABI-INST-CAL-LUN-M6C03_G18_s20231232011555_e20231232012010_c20231232012108-t0-s1.nc,2023-05-03 20:11:55.537757+00:00,2460068.34,95.88198
OR_ABI-INST-CAL-LUN-M6C05_G18_s20231491730552_e20231491731008_c20231491731092-t0-s1.nc,2023-05-29 17:30:55.272125+00:00,2460094.23,69.59272
OR_ABI-INST-CAL-LUN-M6C05_G16_s20231511331552_e20231511332008_c20231511332088-t0-s1.nc,2023-05-31 13:31:55.239979+00:00,2460096.06,85.09889
OR_ABI-INST-CAL-LUN-M6C03_G16_s20231511332552_e20231511333008_c20231511333104-t0-s0.nc,2023-05-31 13:32:55.240370+00:00,2460096.06,85.09889
OR_ABI-INST-CAL-LUN-M6C01_G16_s20231511332552_e20231511333008_c20231511333104-t0-s1.nc,2023-05-31 13:32:55.240370+00:00,2460096.06,85.09889
OR_ABI-INST-CAL-LUN-M6C03_G16_s20231511421552_e20231511422008_c20231511422090-t0-s0.nc,2023-05-31 14:21:55.245471+00:00,2460096.1,85.31493
OR_ABI-INST-CAL-LUN-M6C05_G18_s20231771439553_e20231771440009_c20231771440088-t0-s0.nc,2023-06-26 14:39:55.339872+00:00,2460122.11,52.59051
OR_ABI-INST-CAL-LUN-M6C01_G18_s20231771439553_e20231771440009_c20231771440102-t0-s0.nc,2023-06-26 14:39:55.339872+00:00,2460122.11,52.59051
OR_ABI-INST-CAL-LUN-M6C03_G18_s20231771439553_e20231771440009_c20231771440085-t0-s0.nc,2023-06-26 14:39:55.339872+00:00,2460122.11,52.59051
OR_ABI-INST-CAL-LUN-M6C05_G18_s20231771439553_e20231771440009_c20231771440088-t0-s1.nc,2023-06-26 14:39:55.339872+00:00,2460122.11,52.59051
OR_ABI-INST-CAL-LUN-M6C05_G18_s20231771440553_e20231771441009_c20231771441076-t0-s0.nc,2023-06-26 14:40:55.338515+00:00,2460122.11,52.59051
OR_ABI-INST-CAL-LUN-M6C05_G18_s20231771440553_e20231771441009_c20231771441076-t0-s1.nc,2023-06-26 14:40:55.338515+00:00,2460122.11,52.59051
OR_ABI-INST-CAL-LUN-M6C03_G18_s20231771606553_e20231771607009_c20231771607083-t0-s1.nc,2023-06-26 16:06:55.352332+00:00,2460122.17,53.21651
OR_ABI-INST-CAL-LUN-M6C05_G18_s20231771606553_e20231771607009_c20231771607085-t0-s0.nc,2023-06-26 16:06:55.352334+00:00,2460122.17,53.21651
OR_ABI-INST-CAL-LUN-M6C05_G18_s20231771607553_e20231771608009_c20231771608080-t0-s0.nc,2023-06-26 16:07:55.352797+00:00,2460122.17,53.21651
OR_ABI-INST-CAL-LUN-M6C03_G18_s20231771607553_e20231771608009_c20231771608078-t0-s1.nc,2023-06-26 16:07:55.352797+00:00,2460122.17,53.21651
OR_ABI-INST-CAL-LUN-M6C03_G16_s20231781114552_e20231781115008_c20231781115085-t0-s0.nc,2023-06-27 11:14:55.279541+00:00,2460122.97,61.31796
OR_ABI-INST-CAL-LUN-M6C05_G16_s20231781225552_e20231781226008_c20231781226074-t0-s1.nc,2023-06-27 12:25:55.287474+00:00,2460123.02,61.6783
OR_ABI-INST-CAL-LUN-M6C01_G16_s20231781225552_e20231781226008_c20231781226092-t0-s0.nc,2023-06-27 12:25:55.287474+00:00,2460123.02,61.6783
OR_ABI-INST-CAL-LUN-M6C05_G18_s20231781533555_e20231781534011_c20231781534091-t0-s0.nc,2023-06-27 15:33:55.578884+00:00,2460123.15,62.80221
OR_ABI-INST-CAL-LUN-M6C01_G18_s20231781637555_e20231781638011_c20231781638105-t0-s0.nc,2023-06-27 16:37:55.590422+00:00,2460123.19,63.21201
OR_ABI-INST-CAL-LUN-M6C03_G16_s20231882048566_e20231882049021_c20231882049087-t0-s0.nc,2023-07-07 20:48:56.607949+00:00,2460133.37,74.66169
OR_ABI-INST-CAL-LUN-M6C03_G16_s20231882144566_e20231882145021_c20231882145084-t0-s0.nc,2023-07-07 21:44:56.612313+00:00,2460133.41,74.3435
OR_ABI-INST-CAL-LUN-M6C05_G18_s20231890204549_e20231890205005_c20231890205078-t0-s1.nc,2023-07-08 02:04:54.991368+00:00,2460133.59,72.55437
OR_ABI-INST-CAL-LUN-M6C05_G18_s20231890205549_e20231890206005_c20231890206073-t0-s1.nc,2023-07-08 02:05:54.990056+00:00,2460133.59,72.55437
OR_ABI-INST-CAL-LUN-M6C03_G16_s20231892120549_e20231892121004_c20231892121064-t0-s0.nc,2023-07-08 21:20:54.930279+00:00,2460134.39,63.77029
OR_ABI-INST-CAL-LUN-M6C05_G16_s20231892120549_e20231892121004_c20231892121062-t0-s0.nc,2023-07-08 21:20:54.930279+00:00,2460134.39,63.77029
OR_ABI-INST-CAL-LUN-M6C05_G16_s20231892247549_e20231892248004_c20231892248075-t0-s0.nc,2023-07-08 22:47:54.937361+00:00,2460134.45,63.26433
OR_ABI-INST-CAL-LUN-M6C05_G18_s20231900134549_e20231900135005_c20231900135073-t0-s0.nc,2023-07-09 01:34:54.970070+00:00,2460134.57,62.0627
OR_ABI-INST-CAL-LUN-M6C05_G18_s20231900135549_e20231900136005_c20231900136066-t0-s0.nc,2023-07-09 01:35:54.970507+00:00,2460134.57,62.0627
OR_ABI-INST-CAL-LUN-M6C03_G18_s20231900303549_e20231900304005_c20231900304088-t0-s0.nc,2023-07-09 03:03:54.982136+00:00,2460134.63,61.35239
OR_ABI-INST-CAL-LUN-M6C03_G16_s20232151901554_e20232151902010_c20232151902080-t0-s0.nc,2023-08-03 19:01:55.445531+00:00,2460160.29,94.01805
OR_ABI-INST-CAL-LUN-M6C03_G16_s20232151906554_e20232151907010_c20232151907076-t0-s0.nc,2023-08-03 19:06:55.445387+00:00,2460160.3,93.97422
OR_ABI-INST-CAL-LUN-M6C03_G18_s20232180141549_e20232180142005_c20232180142070-t0-s1.nc,2023-08-06 01:41:54.954120+00:00,2460162.57,75.74536
OR_ABI-INST-CAL-LUN-M6C05_G18_s20232452306549_e20232452307004_c20232452307079-t0-s1.nc,2023-09-02 23:06:54.938575+00:00,2460190.46,88.68529
OR_ABI-INST-CAL-LUN-M6C05_G18_s20232460008549_e20232460009005_c20232460009070-t0-s1.nc,2023-09-03 00:08:54.943449+00:00,2460190.51,88.29409
OR_ABI-INST-CAL-LUN-M6C01_G18_s20232701930565_e20232701931021_c20232701931116-t0-s0.nc,2023-09-27 19:30:56.571815+00:00,2460215.31,95.79863
OR_ABI-INST-CAL-LUN-M6C01_G16_s20232981335553_e20232981336009_c20232981336102-t0-s0.nc,2023-10-25 13:35:55.389147+00:00,2460243.07,85.38478
OR_ABI-INST-CAL-LUN-M6C03_G16_s20232981437553_e20232981438009_c20232981438076-t0-s0.nc,2023-10-25 14:37:55.394021+00:00,2460243.11,85.64937
OR_ABI-INST-CAL-LUN-M6C03_G18_s20232981746566_e20232981747021_c20232981747094-t0-s1.nc,2023-10-25 17:46:56.637303+00:00,2460243.24,86.63328
OR_ABI-INST-CAL-LUN-M6C05_G18_s20232981747566_e20232981748021_c20232981748089-t0-s1.nc,2023-10-25 17:47:56.635939+00:00,2460243.24,86.63328
OR_ABI-INST-CAL-LUN-M6C03_G18_s20232981858566_e20232981859022_c20232981859091-t0-s0.nc,2023-10-25 18:58:56.646954+00:00,2460243.29,87.06499
OR_ABI-INST-CAL-LUN-M6C05_G18_s20233002031569_e20233002032025_c20233002032095-t0-s1.nc,2023-10-27 20:31:56.977143+00:00,2460245.36,98.49443
OR_ABI-INST-CAL-LUN-M6C03_G16_s20233261333554_e20233261334009_c20233261334088-t0-s1.nc,2023-11-22 13:33:55.445637+00:00,2460271.07,72.81734
OR_ABI-INST-CAL-LUN-M6C03_G18_s20233261747566_e20233261748022_c20233261748093-t0-s0.nc,2023-11-22 17:47:56.676887+00:00,2460271.24,74.48013
OR_ABI-INST-CAL-LUN-M6C01_G16_s20233541049553_e20233541050008_c20233541050112-t0-s1.nc,2023-12-20 10:49:55.328251+00:00,2460298.95,57.20227
OR_ABI-INST-CAL-LUN-M6C05_G16_s20233541049553_e20233541050008_c20233541050096-t0-s1.nc,2023-12-20 10:49:55.328253+00:00,2460298.95,57.20227
OR_ABI-INST-CAL-LUN-M6C01_G16_s20233541050553_e20233541051008_c20233541051121-t0-s1.nc,2023-12-20 10:50:55.328613+00:00,2460298.95,57.20227
OR_ABI-INST-CAL-LUN-M6C05_G16_s20233541217553_e20233541218008_c20233541218102-t0-s1.nc,2023-12-20 12:17:55.333377+00:00,2460299.01,57.70959
OR_ABI-INST-CAL-LUN-M6C05_G16_s20233541217553_e20233541218008_c20233541218102-t0-s0.nc,2023-12-20 12:17:55.333377+00:00,2460299.01,57.70959
OR_ABI-INST-CAL-LUN-M6C05_G16_s20233541218553_e20233541219008_c20233541219109-t0-s0.nc,2023-12-20 12:18:55.333745+00:00,2460299.01,57.70959
OR_ABI-INST-CAL-LUN-M6C05_G16_s20233541218553_e20233541219008_c20233541219109-t0-s1.nc,2023-12-20 12:18:55.333745+00:00,2460299.01,57.70959
OR_ABI-INST-CAL-LUN-M6C03_G18_s20233541506563_e20233541507018_c20233541507120-t0-s1.nc,2023-12-20 15:06:56.327345+00:00,2460299.13,58.90407
OR_ABI-INST-CAL-LUN-M6C01_G18_s20233541506563_e20233541507018_c20233541507154-t0-s0.nc,2023-12-20 15:06:56.327345+00:00,2460299.13,58.90407
OR_ABI-INST-CAL-LUN-M6C03_G18_s20233541506563_e20233541507018_c20233541507120-t0-s0.nc,2023-12-20 15:06:56.327345+00:00,2460299.13,58.90407
OR_ABI-INST-CAL-LUN-M6C05_G18_s20233541506563_e20233541507018_c20233541507116-t0-s1.nc,2023-12-20 15:06:56.327347+00:00,2460299.13,58.90407
OR_ABI-INST-CAL-LUN-M6C03_G18_s20233541633563_e20233541634018_c20233541634115-t0-s0.nc,2023-12-20 16:33:56.339542+00:00,2460299.19,59.60661
OR_ABI-INST-CAL-LUN-M6C03_G16_s20233551154553_e20233551155009_c20233551155101-t0-s1.nc,2023-12-21 11:54:55.381481+00:00,2460300.0,68.50456
OR_ABI-INST-CAL-LUN-M6C03_G16_s20233551248553_e20233551249009_c20233551249110-t0-s1.nc,2023-12-21 12:48:55.387029+00:00,2460300.03,68.7359
OR_ABI-INST-CAL-LUN-M6C03_G16_s20233551249553_e20233551250009_c20233551250081-t0-s0.nc,2023-12-21 12:49:55.385599+00:00,2460300.03,68.7359
OR_ABI-INST-CAL-LUN-M6C05_G16_s20233551249553_e20233551250009_c20233551250080-t0-s0.nc,2023-12-21 12:49:55.385599+00:00,2460300.03,68.7359
OR_ABI-INST-CAL-LUN-M6C05_G16_s20240281913552_e20240281914007_c20240281914096-t0-s1.nc,2024-01-28 19:13:55.205119+00:00,2460338.3,91.76651
OR_ABI-INST-CAL-LUN-M6C03_G16_s20240302130553_e20240302131008_c20240302131075-t0-s0.nc,2024-01-30 21:30:55.307667+00:00,2460340.4,78.10111
OR_ABI-INST-CAL-LUN-M6C01_G18_s20240310017562_e20240310018018_c20240310018136-t0-s0.nc,2024-01-31 00:17:56.249425+00:00,2460340.51,77.33786
OR_ABI-INST-CAL-LUN-M6C05_G18_s20240310017562_e20240310018018_c20240310018095-t0-s0.nc,2024-01-31 00:17:56.249426+00:00,2460340.51,77.33786
OR_ABI-INST-CAL-LUN-M6C05_G16_s20240312052553_e20240312053009_c20240312053095-t0-s0.nc,2024-01-31 20:52:55.355597+00:00,2460341.37,69.95969
